epoch,time,train/box_loss,train/pose_loss,train/kobj_loss,train/cls_loss,train/dfl_loss,metrics/precision(B),metrics/recall(B),metrics/mAP50(B),metrics/mAP50-95(B),metrics/precision(P),metrics/recall(P),metrics/mAP50(P),metrics/mAP50-95(P),val/box_loss,val/pose_loss,val/kobj_loss,val/cls_loss,val/dfl_loss,lr/pg0,lr/pg1,lr/pg2
1,389.771,1.80707,7.87445,0.6745,2.77432,2.20654,0.00559,0.20987,0.00438,0.00084,0,0,0,0,nan,nan,nan,nan,nan,0.000655367,0.000655367,0.067887
2,1134.72,1.72546,7.10663,0.6109,2.21694,2.00325,0.00557,0.20987,0.00256,0.00072,0,0,0,0,nan,nan,nan,nan,nan,0.00132002,0.00132002,0.0352183
3,1888.18,1.72798,7.29256,0.62307,2.19988,2.01274,0.00557,0.20987,0.00256,0.00072,0,0,0,0,nan,nan,nan,nan,nan,0.00197658,0.00197658,0.00254155
4,2602.27,1.68775,7.29963,0.62331,2.16654,1.98791,0.00557,0.20987,0.00256,0.00072,0,0,0,0,nan,nan,nan,nan,nan,0.00197265,0.00197265,0.00197265
5,3472.62,1.68491,7.39841,0.62481,2.16208,1.98302,0.00557,0.20987,0.00256,0.00072,0,0,0,0,nan,nan,nan,nan,nan,0.00195155,0.00195155,0.00195155
6,3879.59,1.91721,7.23356,0.5882,2.34625,2.15556,0.00016,0.0787,8e-05,4e-05,0,0,0,0,4.50467,11.1847,4.38826,13358.7,85.6244,0.00192464,0.00192464,0.00192464
7,4715.11,1.72441,6.98336,0.59086,2.09387,2.02784,0.00016,0.0787,8e-05,4e-05,0,0,0,0,4.50756,11.185,4.38909,13339.5,85.5811,0.0018921,0.0018921,0.0018921
8,5552.22,1.71006,6.97877,0.58873,2.07618,2.00984,0.00016,0.0787,8e-05,4e-05,0,0,0,0,4.50756,11.185,4.38909,13339.5,85.5811,0.00185411,0.00185411,0.00185411
9,6009.28,1.68524,6.74942,0.57239,2.01652,1.99786,0.04603,0.34231,0.03508,0.00995,0.00143,0.00309,3e-05,0,2.65427,9.33462,0.18825,29.8032,4.50571,0.00181093,0.00181093,0.00181093
10,6413.2,1.64679,6.48876,0.53194,1.92729,1.95746,0.45379,0.28264,0.15577,0.05052,0.36256,0.04985,0.00572,0.00081,2.36097,7.38295,0.11657,3.88534,3.15665,0.0017628,0.0017628,0.0017628
11,6849.37,1.65437,6.31224,0.50215,1.94779,1.95502,0.0895,0.29212,0.03693,0.00727,0,0,0,0,3.12793,10.7142,0.024,6.99531,6.50342,0.00171004,0.00171004,0.00171004
12,7257.98,1.54606,6.1156,0.48954,1.82022,1.86471,0.37562,0.81487,0.48948,0.19552,0.02155,0.06031,0.01167,0.00306,1.98768,6.67306,0.06245,2.06344,2.709,0.00165295,0.00165295,0.00165295
13,7653.84,1.49445,5.98004,0.45788,1.75345,1.82759,0.20965,0.66148,0.37134,0.16642,0.02962,0.08074,0.00663,0.00149,1.68459,7.09923,0.07898,2.44491,2.35891,0.00159191,0.00159191,0.00159191
14,8089.55,1.48412,5.71922,0.44928,1.75627,1.80392,0.30602,0.74233,0.44516,0.21335,0.02574,0.07151,0.0074,0.00128,1.77764,6.36366,0.12457,2.11066,2.46873,0.00152727,0.00152727,0.00152727
15,8568.92,1.4876,5.68323,0.45326,1.76178,1.8143,0.2775,0.72756,0.4313,0.15867,0.21377,0.10751,0.02654,0.00386,2.32528,6.95651,0.04074,1.97356,2.95663,0.00145945,0.00145945,0.00145945
16,9045.51,1.38202,5.46892,0.44042,1.67158,1.74539,0.35908,0.84337,0.45119,0.24989,0.04115,0.11334,0.01489,0.00202,1.52983,6.10719,0.15654,1.58046,2.11396,0.00138886,0.00138886,0.00138886
17,9480.96,1.39425,5.28826,0.43667,1.6463,1.74331,0.45614,0.87015,0.53522,0.28478,0.19926,0.39048,0.13487,0.02425,1.4981,4.74713,0.10584,1.7599,2.08721,0.00131593,0.00131593,0.00131593
18,9985.86,1.37792,5.2638,0.42998,1.6138,1.73177,0.58829,0.74067,0.62995,0.36678,0.3431,0.31751,0.16411,0.03958,1.49437,5.17087,0.08106,1.28823,2.05216,0.00124111,0.00124111,0.00124111
19,10457.6,1.30512,5.07259,0.43311,1.56907,1.67787,0.47081,0.88704,0.61013,0.35889,0.29446,0.50727,0.29231,0.06997,1.41766,4.46769,0.14607,1.28981,1.95173,0.00116487,0.00116487,0.00116487
20,10905.3,1.31616,4.99022,0.41687,1.53492,1.67583,0.50681,0.81125,0.66313,0.34851,0.25162,0.36709,0.20773,0.05725,1.53815,4.69405,0.09468,1.34971,2.05984,0.00108767,0.00108767,0.00108767
21,11352.9,1.3054,4.65613,0.41431,1.49727,1.65415,0.61539,0.83099,0.70249,0.44916,0.3096,0.44006,0.23787,0.06056,1.24016,4.21137,0.08346,1.07015,1.81234,0.00101,0.00101,0.00101
22,11823.1,1.27457,4.70279,0.41431,1.49434,1.63297,0.52948,0.82283,0.62163,0.37186,0.28525,0.41566,0.16702,0.0446,1.43113,4.58523,0.09706,1.28204,2.00146,0.000932325,0.000932325,0.000932325
23,12280.2,1.2482,4.52662,0.39898,1.46975,1.61917,0.52676,0.92867,0.68008,0.40175,0.35424,0.58436,0.34475,0.10169,1.44492,4.23642,0.10215,1.19922,1.96535,0.00085513,0.00085513,0.00085513
24,12732.5,1.24893,4.4883,0.40025,1.4366,1.6169,0.5769,0.84928,0.70781,0.45388,0.37141,0.63614,0.40428,0.12659,1.18782,4.02648,0.15737,1.09368,1.76068,0.000778889,0.000778889,0.000778889
25,13143.7,1.24792,4.35642,0.39038,1.38424,1.61307,0.4756,0.88283,0.69321,0.42357,0.32303,0.59691,0.38487,0.09597,1.25892,4.10578,0.11696,1.25242,1.84211,0.000704073,0.000704073,0.000704073
26,13569,1.14332,3.8774,0.21552,1.1395,1.81528,0.59754,0.88817,0.7375,0.4828,0.43234,0.66868,0.46439,0.13576,1.23022,3.5961,0.04857,1.05495,1.77543,0.000631143,0.000631143,0.000631143
27,14007.3,1.08561,3.59977,0.16713,1.06294,1.74747,0.59711,0.87385,0.73425,0.47664,0.54627,0.60938,0.44049,0.12968,1.16449,3.55574,0.05492,1.10669,1.73719,0.000560549,0.000560549,0.000560549
28,14466.8,1.02726,3.29561,0.1385,0.98094,1.69268,0.67914,0.83879,0.76102,0.48455,0.58051,0.74563,0.63596,0.17549,1.24316,3.24333,0.04328,1.05681,1.83406,0.000492726,0.000492726,0.000492726
29,14867.3,1.01237,3.12732,0.135,0.95764,1.6811,0.66135,0.87305,0.79566,0.55555,0.63406,0.82107,0.72135,0.25592,1.11005,2.875,0.04644,1.0415,1.66104,0.000428093,0.000428093,0.000428093
30,15380.3,0.99249,2.90071,0.13514,0.88881,1.662,0.65205,0.87021,0.81508,0.54763,0.61908,0.81611,0.74831,0.29331,1.18345,2.72499,0.06277,0.95576,1.75255,0.000367046,0.000367046,0.000367046
31,15837.9,0.95831,2.70679,0.12832,0.84393,1.63401,0.65319,0.8756,0.8083,0.56025,0.64559,0.83234,0.74803,0.31471,1.10841,2.5299,0.0442,1.00183,1.67032,0.000309964,0.000309964,0.000309964
32,16287.5,0.91825,2.48937,0.11475,0.8276,1.58825,0.7619,0.86724,0.86915,0.61812,0.73397,0.8333,0.82208,0.36194,1.06909,2.30676,0.04512,0.8363,1.62423,0.000257198,0.000257198,0.000257198
33,16705,0.91158,2.42468,0.12866,0.78979,1.59016,0.73811,0.91341,0.88636,0.63171,0.7127,0.88321,0.84543,0.38368,1.05069,2.20702,0.05361,0.8283,1.59777,0.000209073,0.000209073,0.000209073
34,17189,0.87139,2.25289,0.12325,0.74355,1.56252,0.85003,0.87771,0.92813,0.65385,0.84363,0.87318,0.91229,0.43041,1.07973,2.12857,0.04421,0.77948,1.64821,0.000165886,0.000165886,0.000165886
35,17642.9,0.89657,2.25896,0.12712,0.70869,1.57079,0.81272,0.84532,0.91582,0.65089,0.80895,0.82317,0.88812,0.4325,1.05707,2.09336,0.04976,0.78491,1.61183,0.000127904,0.000127904,0.000127904
36,18089.4,0.86691,2.14379,0.11382,0.67657,1.53118,0.81803,0.92836,0.93475,0.68619,0.80695,0.91679,0.91779,0.43792,0.99942,2.02288,0.0356,0.76955,1.53669,9.53593e-05,9.53593e-05,9.53593e-05
37,18490.8,0.87757,2.09883,0.12633,0.66025,1.57911,0.83472,0.95727,0.94471,0.69246,0.83522,0.93642,0.92921,0.46371,0.99169,1.95846,0.04172,0.71345,1.55423,6.8454e-05,6.8454e-05,6.8454e-05
38,18962.7,0.8524,2.04551,0.11361,0.64047,1.53011,0.81988,0.9624,0.94546,0.70284,0.80815,0.95083,0.93032,0.46687,0.97011,1.91584,0.04499,0.74201,1.52165,4.73538e-05,4.73538e-05,4.73538e-05
39,19446.4,0.84463,2.0178,0.11397,0.6519,1.52049,0.84695,0.95484,0.95375,0.70217,0.83165,0.94031,0.93447,0.46909,0.97228,1.92075,0.04521,0.69707,1.51303,3.21885e-05,3.21885e-05,3.21885e-05
40,19881.2,0.82634,2.08327,0.10042,0.63586,1.50248,0.82539,0.96175,0.94913,0.69001,0.81428,0.95047,0.93446,0.47404,0.9918,1.89999,0.04086,0.72078,1.54568,2.30518e-05,2.30518e-05,2.30518e-05
